<?xml version="1.0" encoding="UTF-8"?>
<project-private xmlns="http://www.netbeans.org/ns/project-private/1">
    <editor-bookmarks xmlns="http://www.netbeans.org/ns/editor-bookmarks/2" lastBookmarkId="0"/>
    <open-files xmlns="http://www.netbeans.org/ns/projectui-open-files/2">
        <group>
            <file>file:/D:/School/NetBeansProject%202nd%20Semester/New%20folder/attendance-project/Attendance/src/attendance/MainWindowController.java</file>
            <file>file:/D:/School/NetBeansProject%202nd%20Semester/New%20folder/attendance-project/Attendance/src/Classes/Students.java</file>
        </group>
    </open-files>
</project-private>
